,PARA_A,PARA_B,TOTAL,Sector_score,numbers,LOSS_SCORE,Money_Value,History_score,District,Risk
0,4.18,2.5,6.68,3.89,5.0,2,3.38,2,2,1
1,0.0,4.83,4.83,3.89,5.0,2,0.94,2,2,0
2,0.51,0.23,0.74,3.89,5.0,2,0.0,2,2,0
3,0.0,10.8,10.8,3.89,6.0,2,11.75,2,2,1
4,0.0,0.08,0.08,3.89,5.0,2,0.0,2,2,0
5,0.0,0.83,0.83,3.89,5.0,2,2.95,2,2,0
6,1.1,7.41,8.51,3.89,5.0,2,44.95,2,2,1
7,8.5,12.03,20.53,3.89,5.5,2,7.79,2,2,1
8,8.4,11.05,19.45,3.89,5.5,2,7.34,2,2,1
9,3.98,0.99,4.97,3.89,5.0,2,1.93,2,2,1
10,5.43,10.77,16.2,3.89,5.0,2,4.42,2,2,1
11,15.38,40.14,55.52,3.89,5.0,4,0.96,4,2,1
12,5.47,7.63,13.1,3.89,5.0,2,10.43,4,2,1
13,1.09,0.35,1.44,3.89,5.0,2,0.0,2,2,1
14,0.0,0.84,0.84,3.89,5.0,2,0.006999999999999999,2,2,0
15,1.95,9.01,10.96,3.89,5.0,2,9.0,2,2,1
16,8.54,31.63,40.17,3.89,5.0,2,41.28,4,2,1
17,4.18,4.83,9.01,3.89,5.5,2,14.03,2,2,1
18,1.81,1.03,2.84,3.89,5.0,2,0.0,2,2,1
19,4.86,46.78,51.64,3.89,5.5,2,63.18,2,2,1
20,6.26,14.1,20.36,3.89,5.0,2,34.24,4,2,1
21,0.02,5.94,5.96,3.89,5.0,2,0.01,2,2,1
22,5.31,22.79,28.1,3.89,5.0,2,205.19,4,2,1
23,0.94,0.01,0.95,3.89,5.0,2,0.1,2,2,0
24,5.78,57.92,63.7,3.89,5.0,2,11.16,2,2,1
25,7.42,2.24,9.66,3.89,5.0,2,1.25,2,2,1
26,0.0,1.1,1.1,3.89,5.0,2,0.006999999999999999,2,2,0
27,6.85,31.76,38.61,3.89,5.0,2,1.46,2,2,1
28,0.0,1.03,1.03,3.89,5.0,2,0.0,2,2,0
29,0.0,0.75,0.75,3.89,5.0,2,6.78,2,2,1
30,2.4,16.63,19.03,3.89,5.0,2,1.16,2,2,1
31,0.0,0.05,0.05,3.89,5.0,2,152.41,2,2,1
32,0.0,1.76,1.76,3.89,5.0,2,1.08,2,2,0
33,0.0,2.97,2.97,3.89,5.0,2,2.84,2,2,0
34,0.0,0.43,0.43,3.89,5.0,2,0.0,2,2,0
35,0.0,0.94,0.94,3.89,5.0,2,0.9,2,2,0
36,9.01,19.82,28.83,3.89,5.0,2,9.67,2,2,1
37,0.0,0.05,0.05,3.89,5.0,2,0.0,2,2,0
38,11.95,30.9,42.85,3.89,5.0,2,32.68,2,2,1
39,7.97,17.18,25.15,3.89,5.0,2,935.03,2,2,1
40,0.0,3.71,3.71,3.89,5.0,2,29.63,2,2,1
41,0.62,2.02,2.64,3.89,5.0,2,0.11,2,2,0
42,0.0,2.27,2.27,3.89,5.0,2,2.62,2,2,0
43,0.0,0.0,0.0,3.89,5.0,2,0.0,2,2,0
44,1.32,0.0,1.32,3.89,5.0,2,0.06,2,2,1
45,0.0,1.03,1.03,3.89,5.0,2,2.43,2,2,0
46,0.0,15.38,15.38,3.89,5.0,2,126.13,2,2,1
47,0.0,1.02,1.02,3.89,5.0,2,0.0,2,2,0
48,0.0,20.71,20.71,3.89,5.0,2,20.79,6,2,1
49,2.95,6.56,9.51,3.89,5.0,2,156.92,2,2,1
50,1.97,2.1,4.07,3.89,5.0,6,12.29,2,2,1
51,0.0,18.05,18.05,3.89,5.0,2,2.29,2,2,1
52,0.0,0.93,0.93,3.89,5.0,2,7.78,2,2,1
53,0.0,1.61,1.61,3.89,5.0,2,2.51,2,2,0
54,6.32,9.01,15.33,3.89,5.0,2,8.31,2,2,1
55,0.0,1.05,1.05,3.89,5.0,2,0.16,2,2,0
56,0.0,6.8,6.8,3.89,5.0,2,47.9,2,2,1
57,14.04,10.83,24.87,3.89,5.0,2,8.91,2,2,1
58,6.67,18.02,24.69,3.89,5.5,2,4.95,6,2,1
59,0.0,0.0,0.0,3.89,5.0,2,1.75,2,2,0
60,0.0,0.08,0.08,3.89,5.0,2,0.68,2,2,0
61,1.26,0.05,1.31,3.89,5.0,2,0.0,2,2,1
62,0.0,0.03,0.03,3.89,5.0,2,0.06,2,2,0
63,0.0,0.79,0.79,3.89,5.0,2,15.82,2,2,1
64,4.76,13.03,17.79,3.89,5.0,2,0.58,4,2,1
65,8.81,9.02,17.83,3.89,5.0,2,215.31,4,2,1
66,0.0,0.07,0.07,3.89,5.0,2,0.0,2,2,0
67,13.92,2.2,16.12,3.89,5.0,2,0.05,2,2,1
68,1.07,0.0,1.07,3.89,5.0,2,0.0,2,2,1
69,0.0,0.89,0.89,3.89,5.0,2,0.0,2,2,0
70,0.0,3.98,3.98,3.89,6.0,2,53.34,2,2,1
71,10.0,74.26,84.26,3.89,5.5,2,11.16,6,2,1
72,4.24,8.06,12.3,3.89,5.0,2,10.69,2,2,1
73,12.27,72.46,84.73,3.89,5.0,2,5.69,2,2,1
74,0.0,0.96,0.96,3.89,5.0,2,1.35,2,2,0
75,12.7,1.28,13.98,3.89,5.0,2,11.69,2,2,1
76,0.0,63.13,63.13,3.89,5.0,2,14.6,4,2,1
77,1.99,10.24,12.23,3.89,5.0,2,20.78,2,2,1
78,0.05,0.21,0.26,3.89,5.5,2,102.22,2,2,1
79,0.0,7.37,7.37,3.89,5.0,2,0.74,2,2,1
80,0.0,3.72,3.72,3.89,5.0,2,0.0,6,2,1
81,71.48,25.63,97.11,3.89,5.0,2,873.37,2,2,1
82,0.0,0.0,0.0,3.89,5.0,2,0.0,2,2,0
83,0.74,1.0,1.74,3.89,5.0,2,0.0,2,2,0
84,0.0,0.58,0.58,3.89,5.0,2,0.0,2,2,0
85,8.46,72.76,81.22,3.89,5.0,4,1.4,6,2,1
86,0.42,0.07,0.49,3.89,5.0,2,0.42,2,2,0
87,0.01,1.29,1.3,3.89,5.5,2,36.52,2,4,1
88,6.85,65.93,72.78,3.89,5.5,2,6.02,2,4,1
89,5.37,8.62,13.99,3.89,5.0,2,17.16,2,4,1
90,4.93,6.54,11.47,3.89,5.5,2,12.91,2,4,1
91,1.22,0.06,1.28,3.89,5.0,2,0.0,2,4,1
92,0.0,0.85,0.85,3.89,5.0,2,0.0,2,4,1
93,15.72,57.94,73.66,3.89,6.0,2,10.79,2,6,1
94,4.95,42.61,47.56,3.89,5.0,2,3.46,4,6,1
95,0.0,0.08,0.08,3.89,5.0,2,0.06,2,6,1
96,1.19,12.88,14.07,3.89,5.0,2,2.33,2,6,1
97,0.0,2.72,2.72,3.89,5.0,2,5.58,2,6,1
98,0.0,1.66,1.66,3.89,5.0,2,0.76,2,6,1
99,6.47,12.18,18.65,3.89,5.0,2,25.27,2,6,1
100,1.33,0.0,1.33,3.89,5.0,2,0.2,2,6,1
101,0.0,1.1,1.1,3.89,5.0,2,0.0,2,6,1
102,2.57,4.49,7.06,3.89,5.0,2,7.56,4,2,1
103,0.0,1.88,1.88,3.89,5.0,2,0.0,2,2,0
104,0.77,18.31,19.08,3.89,5.0,2,67.03,2,2,1
105,5.23,5.89,11.12,3.89,5.0,2,19.4,2,2,1
106,6.59,23.66,30.25,3.89,5.0,2,34.83,4,2,1
107,7.18,14.63,21.81,3.89,5.0,2,98.75,2,2,1
108,1.0,0.0,1.0,3.89,5.0,2,0.36,2,2,1
109,0.0,0.06,0.06,3.89,5.0,2,0.0,2,2,0
110,2.63,2.55,5.18,3.89,5.0,2,0.0,2,2,1
111,0.0,0.87,0.87,3.89,5.0,2,0.0,2,2,0
112,10.96,41.47,52.43,3.89,5.0,2,35.21,4,2,1
113,0.0,0.23,0.23,3.89,5.0,2,0.0,2,2,0
114,4.25,45.51,49.76,3.41,5.5,2,8.2,2,2,1
115,1.98,51.42,53.4,3.41,5.5,2,20.33,4,2,1
116,1.44,29.25,30.69,3.41,5.0,2,35.13,2,2,1
117,1.52,37.33,38.85,3.41,5.5,2,63.7,2,2,1
118,3.63,10.85,14.48,3.41,5.0,2,0.28,2,2,1
119,1.35,66.35,67.7,3.41,5.5,2,27.13,6,2,1
120,9.97,88.73,98.7,3.41,5.0,2,10.27,2,2,1
121,1.41,36.16,37.57,3.41,5.0,6,13.05,2,2,1
122,1.98,67.91,69.89,3.41,5.5,2,18.79,4,2,1
123,10.08,22.31,32.39,3.41,5.5,2,16.82,2,2,1
124,1.44,9.65,11.09,3.41,6.5,2,10.03,2,2,1
125,25.4,51.74,77.14,3.41,5.0,2,12.67,6,6,1
126,3.21,72.07,75.28,3.41,5.0,2,13.79,4,6,1
127,12.28,20.62,32.9,3.41,5.0,2,10.16,4,2,1
128,6.93,70.26,77.19,3.41,5.0,2,9.73,2,2,1
129,3.34,37.59,40.93,3.41,5.0,2,26.95,2,2,1
130,15.66,74.53,90.19,3.41,5.0,2,29.07,2,2,1
131,2.92,5.24,8.16,3.41,5.0,2,9.76,2,2,1
132,0.83,28.06,28.89,3.41,5.0,2,13.31,2,2,1
133,1.97,30.25,32.22,3.41,5.0,2,0.68,2,2,1
134,10.0,47.9,57.9,3.41,5.0,2,7.7,2,2,1
135,13.06,45.42,58.48,3.41,5.0,2,10.4,2,2,1
136,1.35,33.25,34.6,3.41,5.5,2,20.62,2,2,1
137,4.13,16.74,20.87,3.41,5.0,2,44.02,2,2,1
138,12.62,80.06,92.68,3.41,5.5,2,43.53,2,4,1
139,16.36,41.1,57.46,3.41,5.0,2,12.03,2,4,1
140,12.68,41.0,53.68,3.41,5.5,2,11.88,2,2,1
141,11.73,85.87,97.6,3.41,5.0,2,6.96,4,2,1
142,5.15,44.67,49.82,3.41,5.5,2,21.07,2,2,1
143,6.61,55.62,62.23,3.41,5.0,4,57.16,2,2,1
144,8.03,94.43,102.46,3.41,5.5,2,10.65,6,2,1
145,1.21,34.03,35.24,3.41,5.0,2,5.36,2,2,1
146,1.64,46.21,47.85,3.41,5.0,2,2.45,2,2,1
147,1.21,43.84,45.05,3.41,5.5,2,31.61,2,2,1
148,1.1,87.71,88.81,3.41,5.5,2,34.32,2,2,1
149,4.17,24.37,28.54,3.41,5.0,2,4.24,2,2,1
150,1.08,32.71,33.79,3.41,5.0,2,8.38,2,2,1
151,12.29,25.74,38.03,3.41,5.0,4,22.1,2,2,1
152,12.54,31.62,44.16,3.41,5.0,2,54.07,2,2,1
153,17.26,44.22,61.48,3.41,5.0,2,27.68,4,2,1
154,1.15,20.1,21.25,3.41,6.0,2,21.45,2,2,1
155,20.04,48.9,68.94,3.41,5.0,2,11.09,2,2,1
156,12.17,47.0,59.17,3.41,6.0,2,10.14,2,2,1
157,10.37,105.56,115.93,3.41,9.0,2,52.13,2,2,1
158,9.67,62.25,71.92,3.41,5.5,2,17.02,2,2,1
159,3.77,40.86,44.63,3.41,5.0,2,18.0,2,2,1
160,4.73,60.22,64.95,3.41,5.0,2,69.76,2,2,1
161,6.31,19.42,25.73,3.41,5.5,2,13.88,2,2,1
162,5.61,1.56,7.17,3.41,5.0,2,4.03,2,2,1
163,5.22,20.94,26.16,3.41,5.0,2,2.44,2,2,1
164,0.31,58.12,58.43,3.41,5.0,4,78.98,2,2,1
165,2.86,17.09,19.95,3.41,5.5,2,6.88,2,2,1
166,16.53,72.99,89.52,3.41,5.0,2,5.49,4,2,1
167,2.7,45.16,47.86,3.41,5.0,2,37.79,2,2,1
168,3.08,60.78,63.86,3.41,5.0,2,0.36,2,2,1
169,2.0,49.19,51.19,3.41,5.0,2,60.88,4,2,1
170,1.18,0.0,1.18,3.41,5.5,4,183.2,2,2,1
171,1.07,0.0,1.07,3.41,5.0,2,10.02,2,2,1
172,1.07,0.0,1.07,3.41,5.0,2,0.0,2,6,1
173,1.01,0.0,1.01,3.41,5.0,2,0.0,2,2,1
174,0.93,0.0,0.93,3.41,5.0,2,0.0,2,2,0
175,4.01,0.0,4.01,3.41,5.0,2,0.0,2,2,1
176,0.77,0.0,0.77,3.41,5.0,2,0.32,2,2,0
177,1.05,0.0,1.05,3.41,5.0,2,0.0,2,2,1
178,1.01,0.0,1.01,3.41,5.0,2,0.28,2,2,1
179,0.91,0.0,0.91,3.41,5.0,2,0.0,2,2,0
180,1.12,0.0,1.12,3.41,5.0,2,0.0,2,2,1
181,0.8,0.0,0.8,3.41,5.0,2,0.18,2,2,0
182,0.65,0.0,0.65,3.41,5.0,2,0.0,2,2,0
183,0.63,0.0,0.63,3.41,5.0,2,0.0,2,2,0
184,0.43,0.0,0.43,3.41,5.0,2,0.0,2,2,0
185,1.21,0.0,1.21,3.41,5.0,2,0.0,2,2,1
186,0.17,0.0,0.17,3.41,5.0,2,0.0,2,2,0
187,0.0,0.0,0.0,3.41,5.0,2,0.0,2,4,1
188,0.0,0.0,0.0,3.41,5.0,2,0.0,2,2,0
189,0.07,0.0,0.07,3.41,5.0,2,0.0,2,2,0
190,5.11,53.76,58.87,2.72,6.0,2,48.56,6,2,1
191,2.46,6.72,9.18,2.72,5.0,2,0.0,2,2,1
192,4.05,21.66,25.71,2.72,5.5,2,18.45,2,2,1
193,2.81,4.6,7.41,2.72,5.0,2,8.44,2,2,1
194,4.43,61.47,65.9,2.72,5.5,2,39.65,2,2,1
195,3.48,17.85,21.33,2.72,5.0,2,9.53,2,2,1
196,3.62,44.28,47.9,2.72,5.0,2,44.67,2,2,1
197,4.34,24.13,28.47,2.72,5.0,2,3.42,2,2,1
198,3.62,8.37,11.99,2.72,5.0,2,0.0,2,2,1
199,3.11,113.97,117.08,2.72,5.5,2,26.64,2,2,1
200,1.65,20.86,22.51,2.72,5.0,2,16.91,2,2,1
201,3.43,1.53,4.96,2.72,5.0,2,0.0,2,2,1
202,3.84,98.67,102.51,2.72,5.0,2,12.9,2,2,1
203,7.42,115.87,123.29,2.72,6.0,2,6.79,4,2,1
204,7.07,35.48,42.55,2.72,5.0,2,8.76,2,2,1
205,3.26,5.55,8.81,2.72,5.0,2,0.21,2,6,1
206,3.84,144.39,148.23,2.72,5.0,4,19.68,4,2,1
207,5.5,93.26,98.76,2.72,5.0,2,14.27,2,2,1
208,1.9,35.04,36.94,2.72,6.5,2,16.19,2,2,1
209,3.5,16.09,19.59,2.72,5.0,2,5.03,2,2,1
210,1.46,0.75,2.21,2.72,5.0,2,0.11,2,2,1
211,4.6,54.99,59.59,2.72,5.0,2,14.1,2,2,1
212,7.43,79.5,86.93,2.72,5.0,2,102.39,2,2,1
213,3.51,52.89,56.4,2.72,5.0,2,4.26,2,2,1
214,5.65,67.16,72.81,2.72,6.0,2,27.23,2,2,1
215,1.33,0.35,1.68,2.72,5.0,2,0.0,2,2,1
216,5.45,71.09,76.54,2.72,5.5,2,59.18,2,2,1
217,1.73,5.64,7.37,2.72,5.0,2,13.35,2,2,1
218,6.02,135.69,141.71,2.72,6.0,2,89.64,2,4,1
219,3.22,55.64,58.86,2.72,5.0,4,80.8,2,2,1
220,2.41,5.28,7.69,2.72,5.0,2,8.95,2,4,1
221,2.84,64.91,67.75,2.72,5.5,2,124.59,2,4,1
222,1.75,0.57,2.32,2.72,5.0,2,0.0,2,4,1
223,2.18,30.81,32.99,2.72,5.0,2,5.8,2,4,1
224,3.26,2.81,6.07,2.72,6.0,2,21.6,2,4,1
225,4.43,51.32,55.75,2.72,5.5,2,145.97,2,2,1
226,5.61,99.33,104.94,2.72,6.5,2,76.47,2,2,1
227,3.9,27.92,31.82,2.72,5.0,2,47.6,2,2,1
228,2.19,0.68,2.87,2.72,5.0,2,28.4,2,2,1
229,1.56,14.64,16.2,2.72,5.0,2,25.97,2,2,1
230,4.53,87.93,92.46,2.72,5.0,2,85.81,2,2,1
231,4.97,42.19,47.16,2.72,5.5,2,45.37,2,2,1
232,2.13,0.59,2.72,2.72,5.0,2,0.76,2,2,1
233,3.66,15.47,19.13,2.72,5.0,2,1.43,2,2,1
234,1.64,0.19,1.83,2.72,5.0,2,1.59,2,2,1
235,4.9,98.71,103.61,2.72,5.5,2,82.99,4,2,1
236,5.68,67.38,73.06,2.72,5.0,2,86.7,4,2,1
237,3.99,92.05,96.04,2.72,5.0,2,15.14,4,2,1
238,3.47,47.07,50.54,2.72,5.0,2,31.38,2,2,1
239,2.68,38.32,41.0,2.72,5.0,2,7.17,2,2,1
240,2.13,42.64,44.77,2.72,5.0,2,18.24,2,2,1
241,4.28,1264.63,1268.91,2.72,5.5,2,58.86,6,6,1
242,4.36,33.91,38.27,2.72,5.5,4,6.06,2,6,1
243,2.23,4.54,6.77,2.72,5.0,2,22.8,2,6,1
244,2.0,0.32,2.32,2.72,5.0,2,5.37,2,2,1
245,3.04,67.37,70.41,2.72,6.5,2,77.47,2,2,1
246,1.19,122.07,123.26,2.72,5.0,2,15.2,2,2,1
247,1.35,0.0,1.35,2.72,6.0,2,680.14,2,2,1
248,1.14,0.0,1.14,2.72,5.0,2,0.71,2,2,1
249,1.51,0.0,1.51,2.72,5.0,2,0.0,2,2,1
250,1.13,0.0,1.13,2.72,5.0,2,0.0,2,2,1
251,1.5,0.0,1.5,2.72,5.0,2,1.44,2,2,1
252,0.96,0.0,0.96,2.72,5.0,2,0.0,2,2,0
253,1.6,0.0,1.6,2.72,5.0,2,0.0,2,2,1
254,1.34,0.0,1.34,2.72,5.0,2,0.0,2,4,1
255,1.6,0.0,1.6,2.72,5.0,2,0.06,2,2,1
256,1.13,0.0,1.13,2.72,5.0,2,0.02,2,2,1
257,0.0,0.0,0.0,2.72,5.0,2,0.0,2,2,0
258,0.0,0.0,0.0,2.72,5.0,2,0.0,2,2,0
259,0.77,0.0,0.77,2.72,5.0,2,4.6,2,2,0
260,1.05,0.0,1.05,2.72,5.0,2,0.0,2,2,1
261,0.0,0.0,0.0,2.72,5.0,2,0.0,2,2,0
262,0.0,0.0,0.0,2.72,5.0,2,30.85,2,2,1
263,0.0,0.0,0.0,2.72,5.0,2,0.0,2,4,1
264,0.0,0.0,0.0,2.72,5.0,2,0.0,2,2,0
265,0.0,0.0,0.0,2.72,5.0,2,0.0,2,2,0
266,0.84,0.0,0.84,2.72,5.0,2,8.21,2,2,1
267,0.0,0.0,0.0,2.72,5.0,2,0.0,2,2,0
268,0.85,0.0,0.85,2.72,5.0,2,0.0,2,2,0
269,0.0,0.28,0.28,2.72,5.0,2,0.0,2,2,0
270,0.61,0.07,0.68,2.72,5.0,2,0.0,2,2,0
271,0.0,0.62,0.62,2.72,5.0,2,0.0,2,2,0
272,3.43,1.0,4.43,2.37,5.5,4,49.31,4,2,1
273,1.63,5.86,7.49,2.37,5.0,2,3.69,2,2,1
274,3.75,1.25,5.0,2.37,6.0,2,11.25,2,6,1
275,2.29,2.64,4.93,2.37,5.0,2,3.08,2,2,1
276,2.51,8.59,11.1,2.37,5.5,2,16.03,6,2,1
277,2.21,5.21,7.42,2.37,5.0,2,3.43,2,2,1
278,2.22,6.23,8.45,2.37,5.0,2,0.89,2,2,1
279,1.67,0.39,2.06,2.37,5.0,2,1.43,2,2,1
280,2.59,0.66,3.25,2.37,5.0,2,1.28,2,2,1
281,2.39,7.72,10.11,2.37,5.0,2,5.42,4,2,1
282,3.42,10.55,13.97,2.37,5.0,2,6.96,2,2,1
283,3.61,2.13,5.74,2.37,5.0,4,5.41,6,2,1
284,1.86,4.51,6.37,2.37,5.0,2,7.27,2,2,1
285,1.9,7.97,9.87,2.37,5.0,2,8.6,4,2,1
286,3.29,6.41,9.7,2.37,5.0,2,3.66,2,2,1
287,2.6,1.14,3.74,2.37,5.0,2,8.76,4,2,1
288,3.81,11.52,15.33,2.37,5.0,2,3.25,2,4,1
289,2.1,5.06,7.16,2.37,5.0,2,5.41,2,2,1
290,2.22,3.4,5.62,2.37,5.0,2,26.28,4,2,1
291,0.96,0.12,1.08,2.37,5.0,2,0.22,2,2,0
292,0.81,4.6,5.41,2.37,5.0,2,1.82,2,2,1
293,1.25,0.02,1.27,2.37,5.0,2,0.82,2,2,1
294,1.65,0.02,1.67,2.37,5.0,2,27.99,2,2,1
295,1.65,0.02,1.67,2.37,5.0,2,2.47,2,2,1
296,2.13,0.11,2.24,2.37,5.0,2,7.54,2,2,1
297,0.44,0.02,0.46,2.37,5.0,2,27.1,2,6,1
298,1.31,0.12,1.43,2.37,5.5,2,0.0,2,6,1
299,0.39,0.14,0.53,2.37,5.0,2,0.58,2,2,0
300,1.0,1.1,2.1,2.37,5.0,2,0.0,2,2,1
301,0.42,0.27,0.69,2.37,5.0,2,0.0,2,2,0
302,1.07,0.59,1.66,2.37,5.0,2,0.0,2,2,1
303,1.29,0.25,1.54,2.37,5.0,2,0.0,2,2,1
304,0.02,0.87,0.89,2.37,5.0,2,0.04,2,2,0
305,1.46,0.55,2.01,2.37,5.0,2,0.67,2,2,1
306,0.84,0.06,0.9,2.37,5.0,2,0.72,2,2,0
307,0.66,1.37,2.03,2.37,5.0,2,0.84,2,4,1
308,0.53,5.4,5.93,2.37,5.0,2,0.72,2,2,1
309,0.39,0.47,0.86,2.37,5.0,2,0.0,2,2,0
310,0.51,0.47,0.98,2.37,5.0,2,0.0,2,2,0
311,0.47,0.29,0.76,2.37,5.0,2,0.07,2,2,0
312,3.35,0.99,4.34,2.37,5.0,2,0.12,2,2,1
313,0.32,0.49,0.81,2.37,5.0,2,6.73,2,6,1
314,0.51,0.0,0.51,2.37,5.0,2,0.0,2,6,1
315,0.0,0.0,0.0,2.37,5.0,2,0.05,2,2,0
316,0.31,0.69,1.0,2.37,5.0,2,0.0,2,2,0
317,0.61,1.54,2.15,2.37,5.0,2,0.57,2,2,1
318,0.26,0.17,0.43,2.37,5.0,2,0.0,2,2,0
319,0.73,0.05,0.78,2.37,5.0,2,6.14,2,6,1
320,0.0,0.0,0.0,2.37,5.0,2,0.0,2,6,1
321,1.27,1.01,2.28,2.37,5.0,2,1.15,2,2,1
322,1.62,0.49,2.11,2.37,5.0,2,0.0,2,2,1
323,1.54,0.46,2.0,2.37,5.0,2,0.57,2,2,1
324,2.18,0.93,3.11,2.37,5.0,2,0.0,2,6,1
325,7.59,1.47,9.06,2.37,5.5,2,36.29,2,6,1
326,0.76,0.34,1.1,2.37,5.0,2,0.0,2,6,1
327,0.38,0.85,1.23,2.37,5.0,2,0.04,2,2,0
328,1.29,0.13,1.42,2.37,5.0,2,0.0,2,2,1
329,1.99,0.63,2.62,2.37,5.0,2,0.0,2,2,1
330,0.0,0.0,0.0,2.37,5.0,2,0.0,2,2,0
331,0.02,0.05,0.07,2.37,5.0,2,0.0,2,2,0
332,0.14,0.08,0.22,2.37,5.0,2,0.0,2,2,0
333,0.09,0.0,0.09,2.37,5.0,2,0.0,2,2,0
334,0.0,0.0,0.0,2.37,5.0,2,0.0,2,2,0
335,0.0,0.0,0.0,2.37,5.0,2,0.0,2,2,0
336,0.01,0.006999999999999999,0.017,2.37,5.0,2,0.0,2,2,0
337,0.17,0.04,0.21,2.37,5.0,2,0.0,2,2,0
338,1.66,0.83,2.49,2.37,5.0,2,0.31,2,6,1
339,0.5,0.04,0.54,2.37,5.0,2,0.0,2,6,1
340,0.9,0.29,1.19,2.37,5.0,2,1.22,2,6,1
341,0.0,0.0,0.0,2.37,5.0,2,0.23,2,6,1
342,57.03,134.33,191.36,1.99,5.0,2,844.37,2,2,1
343,0.58,0.0,0.58,1.99,5.0,2,0.0,2,2,0
344,1.52,0.0,1.52,1.99,5.0,2,6.96,2,2,1
345,0.9,0.0,0.9,1.99,5.0,2,1.95,2,2,0
346,1.19,0.0,1.19,1.99,5.0,2,0.0,2,2,1
347,0.53,0.0,0.53,1.99,5.0,2,2.33,2,2,0
348,0.93,0.0,0.93,1.99,5.0,2,0.11,2,2,0
349,1.89,0.0,1.89,1.99,5.0,2,0.0,2,2,1
350,1.71,0.0,1.71,1.99,5.0,2,0.09,2,2,1
351,0.3,0.0,0.3,1.99,5.0,2,0.0,2,2,0
352,0.76,0.0,0.76,1.99,5.0,2,7.48,2,2,1
353,0.96,0.0,0.96,1.99,5.0,2,9.45,2,2,1
354,1.26,0.0,1.26,1.99,5.0,2,0.0,2,2,1
355,0.55,0.0,0.55,1.99,5.0,2,0.67,2,2,0
356,0.29,0.0,0.29,1.99,5.0,2,0.06,2,2,0
357,1.27,0.0,1.27,1.99,5.0,2,2.77,2,2,1
358,1.34,0.0,1.34,1.99,5.0,2,0.0,2,2,1
359,0.56,0.0,0.56,1.99,5.0,2,1.75,2,2,0
360,0.86,0.0,0.86,1.99,5.0,2,0.0,2,6,1
361,1.62,0.0,1.62,1.99,5.0,2,0.0,2,6,1
362,3.02,0.0,3.02,1.99,5.0,2,0.0,2,6,1
363,0.59,0.0,0.59,1.99,5.0,2,0.0,2,6,1
364,1.1,0.0,1.1,1.99,5.0,2,0.0,2,2,1
365,1.03,0.0,1.03,1.99,5.0,2,27.28,2,2,1
366,0.66,0.0,0.66,1.99,5.0,2,0.73,2,2,0
367,0.48,0.0,0.48,1.99,5.0,2,0.47,2,2,0
368,1.27,0.0,1.27,1.99,5.0,2,175.9,2,2,1
369,0.43,0.0,0.43,1.99,5.0,2,13.54,2,2,1
370,1.65,0.0,1.65,1.99,5.0,2,0.01,2,2,1
371,1.4,0.0,1.4,1.99,5.0,2,0.0,2,2,1
372,1.14,0.0,1.14,1.99,5.0,2,41.82,2,2,1
373,0.45,0.0,0.45,1.99,5.0,2,0.0,2,2,0
374,0.6,0.0,0.6,1.99,5.0,2,0.0,2,2,0
375,0.85,0.0,0.85,1.99,5.0,2,0.0,2,2,0
376,1.19,0.0,1.19,1.99,5.0,2,29.76,2,2,1
377,1.23,0.0,1.23,1.99,5.0,2,0.11,2,2,1
378,1.12,0.0,1.12,1.99,5.0,2,0.05,2,2,1
379,1.53,0.0,1.53,1.99,5.0,2,0.03,2,4,1
380,0.77,0.0,0.77,1.99,5.0,2,0.0,2,4,1
381,0.56,0.0,0.56,1.99,5.0,2,0.0,2,4,1
382,1.82,0.0,1.82,1.99,5.0,2,85.13,2,4,1
383,0.44,0.0,0.44,1.99,5.0,2,0.04,2,4,1
384,1.46,0.0,1.46,1.99,5.0,2,0.0,2,2,1
385,1.12,0.0,1.12,1.99,5.0,2,10.98,2,2,1
386,1.56,0.0,1.56,1.99,5.0,2,0.1,2,2,1
387,0.0,0.0,0.0,1.99,5.0,2,0.0,2,2,0
388,0.0,0.0,0.0,1.99,5.0,2,0.0,2,2,0
389,11.24,9.49,20.73,1.85,5.5,2,173.02,2,2,1
390,3.7,0.0,3.7,1.85,5.0,2,0.12,2,2,1
391,8.53,0.16,8.69,1.85,5.0,4,0.52,2,2,1
392,0.47,1.59,2.06,1.85,5.0,2,1.24,2,2,1
393,0.95,1.33,2.28,1.85,5.0,2,0.07,2,4,1
394,13.15,1.63,14.78,1.85,5.0,2,1.19,2,4,1
395,3.17,0.44,3.61,1.85,5.0,2,0.0,2,4,1
396,7.02,1.77,8.79,1.85,5.0,2,0.0,2,4,1
397,0.0,0.0,0.0,1.85,5.0,2,0.0,2,2,0
398,0.95,0.0,0.95,1.85,5.0,4,0.13,2,4,1
399,0.0,0.0,0.0,1.85,5.0,2,10.53,2,4,1
400,9.19,4.2,13.39,1.85,5.0,2,0.52,2,2,1
401,9.14,1.22,10.36,1.85,5.0,2,0.0,2,6,1
402,0.26,0.0,0.26,1.85,5.0,2,0.0,2,2,0
403,3.05,0.05,3.1,1.85,5.0,2,0.0,2,2,1
404,0.56,72.0,72.56,1.85,5.0,2,0.51,2,2,1
405,2.96,0.15,3.11,1.85,5.0,2,0.0,2,2,1
406,2.48,0.0,2.48,1.85,5.0,2,0.0,2,2,1
407,9.94,0.44,10.38,1.85,5.0,2,0.15,2,2,1
408,5.13,0.09,5.22,1.85,5.0,2,0.01,2,2,1
409,2.49,0.29,2.78,1.85,5.0,2,0.49,2,2,1
410,7.22,0.28,7.5,1.85,5.0,2,0.0,2,2,1
411,0.71,0.66,1.37,1.85,5.0,2,0.0,2,2,0
412,19.21,2.47,21.68,1.85,5.0,2,0.0,2,6,1
413,0.18,0.0,0.18,1.85,5.0,4,0.0,2,6,1
414,5.9,0.0,5.9,1.85,5.0,4,0.74,2,6,1
415,4.04,0.0,4.04,1.85,5.0,2,0.79,2,6,1
416,2.81,0.11,2.92,1.85,5.0,2,19.45,2,6,1
417,5.87,0.0,5.87,1.85,5.0,2,0.44,2,6,1
418,1.75,0.0,1.75,1.85,5.0,2,0.35,2,6,1
419,2.05,0.0,2.05,1.85,5.0,2,3.53,2,6,1
420,0.0,0.0,0.0,1.85,5.0,4,0.04,2,6,1
421,3.67,0.18,3.85,1.85,5.0,2,0.0,2,2,1
422,0.64,0.95,1.59,1.85,5.0,2,0.0,4,2,1
423,7.37,1.64,9.01,1.85,5.0,2,0.08,2,2,1
424,10.79,0.67,11.46,1.85,5.0,2,0.04,2,2,1
425,10.02,0.95,10.97,1.85,5.0,2,0.43,2,2,1
426,0.44,0.62,1.06,1.85,5.0,2,0.64,2,2,0
427,2.89,0.11,3.0,1.85,5.0,2,0.04,2,2,1
428,0.6,1.14,1.74,1.85,5.0,2,0.43,2,2,1
429,0.79,1.01,1.8,1.85,5.0,2,0.57,2,2,1
430,3.26,0.36,3.62,1.85,5.0,2,0.02,2,2,1
431,8.94,1.32,10.26,1.85,5.0,2,0.02,2,2,1
432,4.6,1.17,5.77,1.85,5.0,2,0.04,2,2,1
433,7.01,1.12,8.13,1.85,5.0,2,0.1,2,2,1
434,1.04,0.91,1.95,1.85,5.0,2,0.37,2,2,1
435,2.81,0.41,3.22,1.85,5.0,2,0.0,2,2,1
436,0.7,0.6,1.3,1.85,5.0,2,0.51,2,2,0
437,0.78,0.97,1.75,1.85,5.0,2,0.97,2,2,0
438,7.09,1.95,9.04,1.85,5.0,2,0.0,2,2,1
439,1.39,1.1,2.49,1.85,5.0,2,0.0,2,2,1
440,2.46,0.37,2.83,1.85,5.0,2,0.0,2,2,1
441,2.48,0.1,2.58,1.85,5.0,2,0.0,2,2,1
442,1.28,1.75,3.03,1.85,5.0,2,0.0,2,2,1
443,3.83,0.28,4.11,1.85,5.0,2,0.0,2,2,1
444,3.74,0.55,4.29,1.85,5.0,2,0.0,2,2,1
445,11.44,1.41,12.85,1.85,5.0,2,0.04,2,2,1
446,4.99,0.64,5.63,1.85,5.0,2,0.0,2,2,1
447,8.25,1.59,9.84,1.85,5.0,2,0.02,2,2,1
448,0.25,1.8,2.05,1.85,5.0,2,0.74,2,2,1
449,7.2,0.43,7.63,1.85,5.0,2,0.01,2,2,1
450,0.73,1.24,1.97,1.85,5.0,2,0.2,2,2,1
451,5.2,0.0,5.2,1.85,5.0,2,0.0,2,2,1
452,1.16,0.0,1.16,1.85,5.0,2,0.11,2,6,1
453,0.0,0.0,0.0,1.85,5.0,2,0.19,2,6,1
454,0.65,0.03,0.68,1.85,5.0,2,0.14,2,2,0
455,0.79,0.0,0.79,1.85,5.0,2,3.54,2,2,0
456,3.28,0.25,3.53,1.85,5.0,2,0.04,2,6,1
457,0.9,0.0,0.9,1.85,5.0,2,0.13,2,6,1
458,5.0,0.54,5.54,1.85,5.0,2,0.0,2,2,1
459,7.07,0.72,7.79,1.85,5.0,2,0.0,2,2,1
460,1.08,1.98,3.06,1.85,5.0,2,3.92,2,2,1
461,3.46,0.09,3.55,1.85,5.0,2,0.06,2,2,1
462,0.6,1.08,1.68,1.85,5.0,2,0.33,2,2,1
463,3.92,1.08,5.0,1.85,5.0,2,0.0,2,2,1
464,7.84,2.81,10.65,1.85,5.0,4,0.0,2,2,1
465,0.99,0.0,0.99,1.85,5.0,2,0.0,2,4,1
466,0.17,0.11,0.28,1.85,5.0,2,0.0,2,2,0
467,45.23,36.18,81.41,1.85,5.0,2,0.0,2,6,1
468,1.69,0.21,1.9,1.85,5.0,2,0.0,2,2,1
469,0.18,0.63,0.81,1.85,5.0,2,0.0,2,2,0
470,0.01,0.91,0.92,1.85,5.0,2,0.0,2,2,0
471,0.88,1.5,2.38,1.85,5.0,2,0.19,2,2,1
472,1.17,0.15,1.32,1.85,5.0,2,0.0,2,2,1
473,0.0,0.0,0.0,1.85,5.0,2,0.0,2,4,1
474,0.0,0.0,0.0,1.85,5.0,2,0.0,2,2,0
475,0.0,0.0,0.0,1.85,5.0,2,0.2,2,4,1
476,0.0,0.0,0.0,1.85,5.0,2,0.0,2,2,0
477,0.0,0.0,0.0,1.85,5.0,2,0.0,2,6,1
478,0.99,0.11,1.1,1.85,5.0,2,0.0,2,6,1
479,0.21,0.0,0.21,1.85,5.0,2,0.0,2,2,0
480,2.2,0.28,2.48,1.85,5.0,2,0.0,2,2,1
481,3.31,0.17,3.48,1.85,5.0,2,0.0,2,2,1
482,2.43,0.27,2.7,1.85,5.0,2,0.0,2,2,1
483,13.91,0.5,14.41,1.85,5.0,2,0.19,2,2,1
484,1.71,0.0,1.71,2.36,6.5,4,88.4,6,6,1
485,1.13,3.85,4.98,2.37,6.5,2,20.89,2,6,1
486,17.53,0.0,17.53,2.37,6.5,2,94.75,6,6,1
487,0.56,0.7,1.26,2.37,5.0,2,0.0,2,6,1
488,0.56,0.08,0.64,2.37,5.0,2,0.05,2,6,1
489,3.95,0.0,0.0,2.34,5.5,2,83.96,4,6,1
490,0.0,0.0,0.0,2.34,5.0,2,0.0,2,2,0
491,0.0,0.0,0.0,2.34,5.0,2,0.0,2,2,0
492,0.0,0.0,0.0,2.34,5.0,2,0.0,2,2,0
493,0.0,0.0,0.0,2.34,5.0,2,0.0,2,2,0
494,20.65,0.0,0.0,15.56,6.0,2,397.31,4,6,1
495,3.73,2.82,6.55,15.56,6.0,2,160.41,2,6,1
496,0.0,0.0,0.0,15.56,5.0,2,23.97,2,6,1
497,2.52,20.28,22.8,17.68,5.0,2,70.56,2,6,1
498,3.14,5.68,8.82,21.61,5.5,2,11.33,2,4,1
499,0.88,1.07,1.95,21.61,5.0,2,0.76,2,2,1
500,0.8,0.82,1.62,21.61,5.0,2,1.32,2,2,0
501,0.7,0.72,1.42,21.61,5.0,2,0.0,2,2,0
502,0.0,0.39,0.39,21.61,5.0,2,0.24,2,2,0
503,0.33,0.0,0.33,21.61,5.0,2,0.0,2,2,0
504,0.28,0.16,0.44,21.61,5.0,2,0.0,2,2,0
505,0.19,0.27,0.46,21.61,5.0,2,0.65,2,2,0
506,0.53,0.62,1.15,21.61,5.0,2,0.01,2,2,0
507,0.46,0.88,1.34,21.61,5.0,2,0.58,2,2,0
508,0.31,0.28,0.59,21.61,5.0,2,0.0,2,2,0
509,85.0,1.06,86.06,21.61,5.0,2,0.0,2,6,1
510,0.75,0.9,1.65,21.61,5.0,2,1.4,2,2,0
511,0.85,0.93,1.78,21.61,5.0,2,0.0,2,2,0
512,0.34,0.36,0.7,21.61,5.0,2,0.03,2,2,0
513,0.66,0.81,1.47,21.61,5.0,2,0.03,2,2,0
514,0.59,0.69,1.28,21.61,5.0,2,0.0,2,2,0
515,0.61,0.63,1.24,21.61,5.0,2,0.0,2,2,0
516,0.72,0.8,1.52,21.61,5.0,2,0.02,2,2,0
517,0.37,0.1,0.47,21.61,5.0,2,0.0,2,2,0
518,0.62,0.71,1.33,21.61,5.0,2,0.08,2,2,0
519,0.98,1.14,2.12,21.61,5.0,2,0.0,2,2,1
520,0.32,0.0,0.32,21.61,5.0,2,0.0,2,2,0
521,0.56,0.63,1.19,21.61,5.0,2,0.09,2,2,0
522,0.54,0.56,1.1,21.61,5.0,2,0.8,2,2,0
523,0.63,0.69,1.32,21.61,5.0,2,0.32,2,2,0
524,0.37,0.46,0.83,21.61,5.0,2,0.0,2,2,0
525,0.0,0.0,0.0,21.61,5.0,2,0.0,2,2,0
526,0.29,0.33,0.62,21.61,5.0,2,0.0,2,2,0
527,0.67,0.76,1.43,21.61,5.0,2,0.0,2,2,0
528,0.43,0.0,0.43,21.61,5.0,2,0.0,2,2,0
529,0.67,0.75,1.42,21.61,5.0,2,0.39,2,2,0
530,0.84,1.09,1.93,21.61,5.0,2,0.0,2,2,1
531,0.52,0.68,1.2,21.61,5.0,2,0.0,2,2,0
532,0.38,0.48,0.86,21.61,5.0,2,0.33,2,2,0
533,0.19,0.23,0.42,21.61,5.0,2,0.0,2,2,0
534,0.27,0.35,0.62,21.61,5.0,2,0.0,2,2,0
535,0.34,0.27,0.61,21.61,5.0,2,0.0,2,2,0
536,0.02,0.66,0.68,21.61,5.0,2,0.0,2,2,0
537,0.0,0.0,0.0,21.61,5.0,2,0.03,2,2,0
538,0.0,0.0,0.0,21.61,5.0,2,0.0,2,2,0
539,1.94,6.69,8.63,59.85,5.5,2,13.3,4,6,1
540,0.0,0.0,0.0,59.85,5.0,2,0.29,2,2,0
541,0.0,0.0,0.0,59.85,5.0,2,3.3,2,2,0
542,0.27,0.0,0.27,59.85,5.0,2,16.09,2,2,1
543,0.0,0.0,0.0,59.85,5.0,2,1.44,2,2,0
544,0.03,0.0,0.03,59.85,5.0,2,1.66,2,2,0
545,0.0,0.0,0.0,59.85,5.0,2,0.19,2,2,0
546,0.0,0.0,0.0,59.85,5.0,2,0.7,2,2,0
547,0.05,0.0,0.05,59.85,5.0,2,0.63,2,2,0
548,0.0,0.0,0.0,59.85,5.0,2,0.93,2,2,0
549,0.03,0.0,0.03,59.85,5.0,2,1.22,2,2,0
550,0.0,0.0,0.0,59.85,5.0,4,1.2,2,2,1
551,0.01,0.11,0.12,59.85,5.0,2,1.03,2,2,0
552,0.0,0.0,0.0,59.85,5.0,2,2.86,2,2,0
553,0.03,0.0,0.03,59.85,5.0,2,1.55,2,2,0
554,0.0,0.0,0.0,59.85,5.0,2,2.39,2,2,0
555,0.07,0.0,0.07,59.85,5.0,2,10.4,2,2,1
556,0.0,0.0,0.0,59.85,5.0,2,1.3,2,4,1
557,0.31,0.0,0.31,59.85,5.0,2,0.0,2,2,0
558,0.15,0.0,0.15,59.85,5.0,2,0.05,2,2,0
559,0.0,0.0,0.0,59.85,5.0,2,0.0,2,2,0
560,0.01,0.0,0.01,59.85,5.0,2,0.6,2,2,0
561,0.15,0.0,0.15,59.85,5.0,2,0.0,2,2,0
562,0.2,0.28,0.48,59.85,5.0,2,0.0,2,2,0
563,0.06,0.0,0.06,59.85,5.0,2,0.0,2,2,0
564,0.3,0.0,0.3,59.85,5.0,2,0.0,2,2,0
565,0.0,0.0,0.0,59.85,5.0,2,0.0,2,2,0
566,0.0,0.0,0.0,59.85,5.0,2,0.0,2,2,0
567,0.29,0.0,0.29,59.85,5.0,2,0.04,2,2,0
568,0.48,0.0,0.48,59.85,5.0,2,0.0,2,2,0
569,0.39,0.39,0.78,59.85,5.0,2,0.17,2,4,1
570,0.21,0.0,0.21,59.85,5.0,2,0.33,2,4,1
571,0.0,0.0,0.0,59.85,5.0,2,0.0,2,2,0
572,0.42,0.0,0.42,59.85,5.0,2,0.0,2,4,1
573,0.04,0.0,0.04,59.85,5.0,2,0.22,2,2,0
574,0.0,0.22,0.22,59.85,5.0,2,0.0,2,2,0
575,0.0,0.0,0.0,59.85,5.0,2,0.0,2,2,0
576,0.29,0.39,0.68,55.57,5.5,2,0.05,2,2,1
577,0.0,1.96,1.96,55.57,5.0,2,0.4,2,2,1
578,2.24,7.26,9.5,55.57,5.0,2,0.24,2,2,1
579,0.62,0.42,1.04,55.57,5.0,2,0.0,2,2,0
580,1.7,5.91,7.61,55.57,5.0,2,3.68,2,4,1
581,0.95,0.72,1.67,55.57,5.0,2,0.0,2,4,1
582,0.0,0.0,0.0,55.57,5.5,2,85.05,2,6,1
583,2.59,111.9,114.49,55.57,5.0,2,8.47,2,6,1
584,6.48,43.08,49.56,55.57,5.0,2,253.12,6,6,1
585,1.2,0.54,1.74,55.57,5.0,2,0.45,2,2,1
586,0.26,0.21,0.47,55.57,5.0,2,0.05,2,2,0
587,0.7,0.19,0.89,55.57,5.0,2,0.0,2,2,0
588,1.59,0.13,1.72,55.57,5.0,2,0.11,2,2,1
589,0.0,0.0,0.0,55.57,5.0,2,0.02,2,2,0
590,3.14,4.97,8.11,55.57,5.0,2,6.41,4,2,1
591,0.68,1.47,2.15,55.57,5.0,2,0.0,2,2,1
592,0.67,1.71,2.38,55.57,5.0,2,0.0,2,2,1
593,2.54,5.52,8.06,55.57,5.0,2,0.49,2,2,1
594,1.84,4.25,6.09,55.57,5.0,2,0.82,2,2,1
595,0.0,0.0,0.0,55.57,5.0,2,0.0,2,2,0
596,3.1,4.66,7.76,55.57,5.0,2,0.59,2,2,1
597,0.79,0.46,1.25,55.57,5.0,2,0.28,2,2,0
598,0.38,0.09,0.47,55.57,5.0,2,0.0,2,2,0
599,2.41,4.69,7.1,55.57,5.0,2,0.25,2,2,1
600,0.0,0.0,0.0,55.57,5.0,2,0.0,2,2,0
601,1.26,1.58,2.84,55.57,5.0,2,6.5,2,2,1
602,0.6,0.46,1.06,55.57,5.0,2,0.0,2,2,0
603,1.24,2.27,3.51,55.57,5.0,2,0.0,2,6,1
604,0.0,0.0,0.0,55.57,5.0,2,0.0,2,6,1
605,0.0006,1.11,1.1106,55.57,5.0,2,0.0,2,6,1
606,1.49,2.34,3.83,55.57,5.0,2,0.25,2,2,1
607,1.27,2.0,3.27,55.57,5.0,2,0.18,2,2,1
608,2.42,3.53,5.95,55.57,5.0,2,6.31,2,2,1
609,0.69,0.81,1.5,55.57,5.0,2,0.0,2,2,0
610,1.85,4.16,6.01,55.57,5.0,2,0.51,2,2,1
611,1.85,4.16,6.01,55.57,5.0,2,1.65,2,2,1
612,2.45,5.47,7.92,55.57,5.0,2,5.61,2,2,1
613,0.54,0.67,1.21,55.57,5.0,2,0.0,2,2,0
614,0.0,0.0,0.0,55.57,5.0,2,0.0,2,2,0
615,1.45,5.79,7.24,55.57,5.0,2,0.69,2,2,1
616,0.84,0.0,0.84,55.57,5.0,2,0.0,2,2,0
617,0.0,0.0,0.0,55.57,5.0,2,0.0,2,2,0
618,0.11,0.0,0.11,55.57,5.0,2,0.0,2,2,0
619,0.49,0.0,0.49,55.57,5.0,2,0.0,2,2,0
620,0.41,0.0,0.41,55.57,5.0,2,0.0,2,2,0
621,0.56,0.0,0.56,55.57,5.0,2,0.0,2,2,0
622,0.87,0.0,0.87,55.57,5.0,2,0.1,2,2,0
623,0.5,0.0,0.5,55.57,5.0,2,0.0,2,2,0
624,0.0,0.0,0.0,55.57,5.0,2,0.02,2,2,0
625,0.38,0.49,0.87,55.57,5.0,2,0.0,2,2,0
626,0.0,0.03,0.03,55.57,5.0,2,0.0,2,2,0
627,0.17,0.0,0.17,55.57,5.0,2,0.0,2,2,0
628,0.84,0.0,0.84,55.57,5.0,2,0.0,2,4,1
629,0.49,4.78,5.27,55.57,5.0,2,0.0,2,2,1
630,0.67,0.41,1.08,55.57,5.0,2,0.99,2,4,1
631,0.45,8.27,8.72,55.57,5.0,2,9.43,2,4,1
632,0.0,0.0,0.0,55.57,5.0,2,0.0,2,4,1
633,0.68,0.0,0.68,55.57,5.0,2,0.0,2,4,1
634,0.99,0.0,0.99,55.57,5.0,2,0.0,2,4,1
635,0.29,0.0,0.29,55.57,5.0,2,0.0,2,4,1
636,1.67,0.0,1.67,55.57,5.0,2,0.06,2,4,1
637,1.05,2.17,3.22,55.57,5.0,2,0.0,2,4,1
638,0.74,0.0,0.74,55.57,5.0,2,0.0,2,6,1
639,0.0,0.0,0.0,55.57,5.0,2,0.0,2,6,1
640,0.51,1.36,1.87,55.57,5.0,2,0.0,2,2,1
641,0.74,0.0,0.74,55.57,5.0,2,0.15,2,2,0
642,0.23,0.0,0.23,55.57,5.0,2,,2,2,0
643,0.0,1.3,1.3,55.57,5.0,2,0.0,2,2,1
644,0.49,0.0,0.49,55.57,5.0,2,0.0,2,2,0
645,0.73,0.0,0.73,55.57,5.0,2,0.0,2,2,0
646,0.28,0.25,0.53,55.57,5.0,2,0.0,2,2,0
647,0.32,0.0,0.32,55.57,5.0,4,0.0,2,2,1
648,0.21,0.0,0.21,55.57,5.0,2,0.0,2,2,0
649,1.63,0.0,1.63,55.57,5.0,2,0.0,2,2,1
650,0.8,0.0,0.8,55.57,5.0,2,0.0,2,2,0
651,0.0,0.0,0.0,55.57,5.0,2,0.0,2,2,0
652,0.83,0.0,0.83,55.57,5.0,2,0.0,2,2,0
653,0.57,1.26,1.83,55.57,5.0,2,0.1,2,2,1
654,0.71,0.0,0.71,55.57,5.0,2,0.0,2,2,0
655,0.15,0.0,0.15,55.57,5.0,2,0.0,2,2,0
656,1.26,0.0,1.26,55.57,5.0,2,0.0,2,2,1
657,0.0,0.0,0.0,55.57,5.0,2,0.01,2,2,0
658,0.0,0.0,0.0,55.57,5.0,2,0.0,2,2,0
659,0.0,0.0,0.0,55.57,5.0,2,0.0,2,2,0
660,0.09,0.0,0.09,55.57,5.0,2,0.0,2,2,0
661,0.51,0.03,0.54,55.57,5.0,2,0.0,2,2,0
662,0.49,0.0,0.49,55.57,5.0,2,0.02,2,2,0
663,1.1,0.0,1.1,55.57,5.0,2,0.0,2,2,1
664,1.14,0.0,1.14,55.57,5.0,2,0.0,2,4,1
665,0.0,0.0,0.0,55.57,5.0,2,0.0,2,2,0
666,2.3,0.0,2.3,55.57,5.0,2,0.0,2,2,1
667,1.6,0.49,2.09,55.57,5.0,2,88.34,2,2,1
668,1.49,0.0,1.49,55.57,5.0,2,0.0,2,2,1
669,0.24,0.0,0.24,55.57,5.0,2,0.0,2,2,0
670,0.42,0.0,0.42,55.57,5.0,2,0.0,2,2,0
671,1.07,0.16,1.23,55.57,5.0,2,0.0,2,2,1
672,1.39,0.0,1.39,55.57,5.0,2,0.0,2,2,1
673,0.07,0.0,0.07,55.57,5.0,2,0.0,2,2,0
674,0.49,0.4,0.89,55.57,5.0,2,0.0,2,2,0
675,0.88,0.54,1.42,55.57,5.0,2,0.11,2,2,0
676,0.0,1.74,1.74,55.57,5.0,2,0.0,2,2,1
677,1.28,0.0,1.28,55.57,5.0,2,0.22,2,2,1
678,0.0,0.0,0.0,55.57,5.0,2,0.0,2,2,0
679,0.0,0.0,0.0,55.57,5.0,2,0.0,2,2,0
680,0.21,0.0,0.21,55.57,5.0,2,0.0,2,2,0
681,0.92,0.0,0.92,55.57,5.0,2,0.0,2,2,0
682,0.17,0.0,0.17,55.57,5.0,2,0.0,2,2,0
683,0.26,0.0021,0.2621,55.57,5.0,2,0.0,2,2,0
684,0.78,0.0,0.78,55.57,5.0,2,0.0,2,2,0
685,0.98,0.0,0.98,55.57,5.0,2,0.0,2,2,0
686,0.27,0.0017,0.2717,55.57,5.0,2,0.0,2,2,0
687,0.41,0.11,0.52,55.57,5.0,2,0.0,2,2,0
688,0.74,0.0,0.74,55.57,5.0,2,0.71,2,2,0
689,0.82,2.92,3.74,55.57,5.0,2,0.0,2,2,1
690,0.0,11.68,11.68,55.57,5.0,2,0.0,2,2,1
691,0.61,0.0,0.61,55.57,5.0,2,0.0,2,2,0
692,0.62,0.47,1.09,55.57,5.0,2,0.58,2,2,0
693,0.0,0.0,0.0,55.57,5.0,2,3.57,2,2,0
694,0.0,0.0,0.0,55.57,5.0,2,0.0,2,2,0
695,0.0,0.0,0.0,55.57,5.0,2,0.0,2,2,0
696,0.0,0.0,0.0,55.57,5.0,2,0.0,2,2,0
697,1.08,0.0,1.08,55.57,5.0,2,0.0,2,2,1
698,0.7,0.0,0.7,55.57,5.0,2,0.0,2,2,0
699,1.36,0.0,1.36,55.57,5.0,2,0.0,2,2,1
700,0.0,5.24,5.24,55.57,5.0,2,0.0,2,2,1
701,0.32,0.17,0.49,55.57,5.0,2,0.0,2,2,0
702,0.33,0.0013,0.3313,55.57,5.0,2,0.0,2,2,0
703,1.08,0.92,2.0,55.57,5.0,2,0.04,2,2,1
704,0.0,0.0,0.0,55.57,5.0,2,0.0,2,2,0
705,0.6,0.0,0.6,55.57,5.0,2,0.0,2,2,0
706,0.76,0.0,0.76,55.57,5.0,2,0.0,2,2,0
707,0.0,2.99,2.99,55.57,5.0,2,0.06,2,2,1
708,0.0,0.0,0.0,55.57,5.0,2,0.0,2,2,0
709,0.49,0.28,0.77,55.57,5.0,2,0.07,2,2,0
710,0.0,0.81,0.81,55.57,5.0,2,0.0,2,2,0
711,0.41,0.0,0.41,55.57,5.0,2,0.0,2,2,0
712,0.0,0.0,0.0,55.57,5.0,2,0.0,2,2,0
713,0.82,0.0,0.82,55.57,5.0,2,0.0,2,2,0
714,0.32,0.0009,0.3209,55.57,5.0,2,0.0,2,2,0
715,0.0,0.0,0.0,55.57,5.0,2,0.0,2,2,0
716,0.0,0.0,0.0,55.57,5.0,2,0.0,2,6,1
717,1.06,0.63,1.69,55.57,5.0,2,0.9,2,6,1
718,0.0,0.0,0.0,55.57,5.0,2,0.0,2,2,0
719,0.0,0.0,0.0,55.57,5.0,2,0.13,2,2,0
720,0.0,0.0,0.0,55.57,5.0,2,0.0,2,2,0
721,0.51,1.63,2.14,55.57,5.0,2,1.8,2,2,1
722,1.06,0.0,1.06,55.57,5.0,2,0.0,2,2,1
723,0.71,0.25,0.96,55.57,5.0,2,0.0,2,2,0
724,0.0,8.49,8.49,55.57,5.0,2,0.43,2,2,1
725,1.6,0.0,1.6,55.57,5.0,2,0.0,2,2,1
726,0.3,0.0023,0.3023,55.57,5.0,2,0.0,2,2,0
727,0.47,0.46,0.93,55.57,5.0,2,0.42,2,2,0
728,0.0,0.0,0.0,55.57,5.0,2,0.02,2,2,0
729,1.19,0.0,1.19,55.57,5.0,2,0.0,2,2,1
730,0.0,1.29,1.29,55.57,5.0,2,0.0,2,2,1
731,0.7,0.79,1.49,55.57,5.5,2,1.91,2,2,1
732,0.83,0.0,0.83,55.57,5.0,2,0.14,2,2,0
733,0.74,0.0,0.74,55.57,5.0,2,2.4,2,2,0
734,0.2,0.0,0.2,55.57,5.0,2,0.0,2,2,0
735,1.4,0.06,1.46,55.57,5.0,2,0.0,2,2,1
736,0.4,0.0025,0.4025,55.57,5.0,2,0.0,2,2,0
737,0.85,1.0,1.85,55.57,5.0,2,0.4,2,2,1
738,0.0,0.88,0.88,55.57,5.0,2,0.07,2,2,0
739,0.0,0.0,0.0,55.57,5.0,2,0.0,2,2,0
740,1.12,0.0,1.12,55.57,5.0,2,0.0,2,2,1
741,1.28,0.0,1.28,55.57,5.0,2,0.0,2,2,1
742,0.0,0.0,0.0,55.57,5.0,2,0.0,2,2,0
743,0.0,1.16,1.16,55.57,5.0,2,0.0,2,2,1
744,0.1,0.0,0.1,55.57,5.0,2,0.0,2,2,0
745,1.06,1.6,2.66,55.57,5.0,2,16.09,2,2,1
746,0.25,0.0017,0.2517,55.57,5.0,2,0.0,2,2,0
747,0.31,0.0015,0.3115,55.57,5.0,2,0.0,2,2,0
748,0.0,0.0,0.0,55.57,5.0,2,0.0,2,2,0
749,0.84,0.0,0.84,55.57,5.0,2,0.0,2,2,0
750,1.09,0.0,1.09,55.57,5.0,2,0.0,2,2,1
751,1.29,0.0,1.29,55.57,5.0,2,0.0,2,2,1
752,0.51,0.37,0.88,55.57,5.0,2,0.0,2,2,0
753,0.09,0.0,0.09,55.57,5.0,2,0.0,2,2,0
754,0.39,0.91,1.3,55.57,5.0,2,0.0,2,2,0
755,1.07,0.0,1.07,55.57,5.0,2,0.0,2,2,1
756,0.0,0.0,0.0,55.57,5.0,2,0.0,2,2,0
757,0.5,2.97,3.47,55.57,5.0,2,0.18,2,2,1
758,0.49,0.55,1.04,55.57,5.0,2,0.0,2,2,0
759,0.84,0.65,1.49,55.57,5.0,2,0.0,2,2,0
760,0.9,1.11,2.01,55.57,5.0,2,0.0,2,2,1
761,0.0,0.0,0.0,55.57,5.0,2,0.0,2,2,0
762,0.59,0.0,0.59,55.57,5.0,2,0.0,2,2,0
763,0.02,0.0,0.02,55.57,5.0,2,0.0,2,2,0
764,1.48,4.48,5.96,55.57,5.0,2,0.0,2,2,1
765,0.0,3.3,3.3,55.57,5.0,2,0.0,2,2,1
766,0.8,0.57,1.37,55.57,5.0,2,0.0,2,2,0
767,0.36,0.54,0.9,55.57,5.0,2,0.21,2,2,0
768,0.44,0.53,0.97,55.57,5.0,2,0.0,2,2,0
769,0.51,0.5,1.01,55.57,5.0,2,0.09,2,2,0
770,0.75,0.45,1.2,55.57,5.0,2,0.0,2,2,0
771,0.49,0.4,0.89,55.57,5.0,2,0.0,2,2,0
772,0.47,0.37,0.84,55.57,5.0,2,0.0,2,2,0
773,0.24,0.04,0.28,55.57,5.0,2,0.0,2,2,0
774,0.2,0.0,0.2,55.57,5.0,2,0.0,2,2,0
775,0.0,0.0,0.0,55.57,5.0,2,0.32,2,2,0
